{"cameraMode":{"drawMode":0,"name":"Shaded","section":"Shading Mode"},"sceneLighting":true,"audioPlay":false,"sceneViewState":{"showFog":true,"showMaterialUpdate":false,"showSkybox":true,"showFlares":true,"showImageEffects":true,"showParticleSystems":true,"showVisualEffectGraphs":true,"m_FxEnabled":true},"in2DMode":false,"pivot":{"x":1.628915786743164,"y":0.42893147468566897,"z":5.460615158081055},"rotation":{"x":-0.05964647978544235,"y":-0.10254106670618057,"z":0.006160270888358355,"w":-0.9929152727127075},"size":8.333333015441895,"orthographic":false}